<?xml version="1.0" encoding="UTF-8"?>
<configuration>
	<include resource="org/springframework/boot/logging/logback/base.xml" />
	<!--<logger name="org.springframework.web" level="INFO" /> -->
	<shutdownHook class="ch.qos.logback.core.hook.DelayingShutdownHook" />
	<conversionRule conversionWord="syslogStart"
		converterClass="ch.qos.logback.classic.pattern.SyslogStartConverter" />
	<appender name="tcp"
		class="net.logstash.logback.appender.LogstashTcpSocketAppender">
		<destination>elk.cognizantagilelab.com:4560</destination>
		<encoder class="net.logstash.logback.encoder.LogstashEncoder">
			<prefix class="ch.qos.logback.core.encoder.LayoutWrappingEncoder">
				<layout class="ch.qos.logback.classic.PatternLayout">
					<pattern>%syslogStart{USER}</pattern>
				</layout>
			</prefix>
		</encoder>
		<encoder
			class="net.logstash.logback.encoder.LoggingEventCompositeJsonEncoder">
			<providers>
				<timestamp />
				<pattern>
					<pattern>
						{
						"app_name": "LoanApplication-QA",
						"logger": "%logger",
        				"level": "%level",
        				"message": "%message",
						"trace": "%X{X-B3-TraceId:-}"
						}
					</pattern>
				</pattern>
			</providers>
		</encoder>
	</appender>
	<root level="INFO">
		<appender-ref ref="tcp" />
	</root>
</configuration>