<?xml version="1.0" encoding="UTF-8" standalone="no"?>
<registration_data version="1.0">
   <environment>
      <hostname>parallels</hostname>
      <hostId/>
      <osName>Windows XP</osName>
      <osVersion>5.1</osVersion>
      <osArchitecture>x86</osArchitecture>
      <systemModel>VMware Virtual Platform</systemModel>
      <systemManufacturer>VMware, Inc.</systemManufacturer>
      <cpuManufacturer>GenuineIntel</cpuManufacturer>
      <serialNumber>VMware-56 4d 69 15 a3 c9 50 4f-cf 04 3a 4a 63 a4 e0 6b</serialNumber>
   </environment>
   <registry urn="urn:st:e39b251d-2c7f-4eea-81e7-35d043344161" version="1.0">
      <service_tag>
         <instance_urn>urn:st:1edd21f6-ef1b-417d-8e23-58776fdcdb1c</instance_urn>
         <product_name>Java SE 6 Development Kit</product_name>
         <product_version>1.6.0_14</product_version>
         <product_urn>urn:uuid:b58ef9a8-5ae8-11db-a023-080020a9ed93</product_urn>
         <product_parent_urn>urn:uuid:fdc90b21-018d-4cab-b866-612c7c119ed3</product_parent_urn>
         <product_parent>Java Platform Standard Edition 6 (Java SE 6)</product_parent>
         <product_defined_inst_id>id=1.6.0_14-b08 x86,dir=C:\Program Files\Java\jdk1.6.0_14\jre</product_defined_inst_id>
         <product_vendor>Sun Microsystems</product_vendor>
         <platform_arch>x86</platform_arch>
         <timestamp>2009-07-13 13:22:58 GMT</timestamp>
         <container>global</container>
         <source>Windows JDK i586 installer</source>
         <installer_uid>-1</installer_uid>
      </service_tag>
   </registry>
</registration_data>
